{"cameraMode":{"drawMode":0,"name":"Shaded","section":"Shading Mode"},"sceneLighting":false,"audioPlay":false,"sceneViewState":{"showFog":true,"showMaterialUpdate":false,"showSkybox":false,"showFlares":true,"showImageEffects":true,"showParticleSystems":true},"in2DMode":false,"pivot":{"x":-2.2172868251800539,"y":-0.432340145111084,"z":3.2428808212280275},"rotation":{"x":-0.12291985005140305,"y":0.8637434840202332,"z":-0.2544633746147156,"w":-0.41723567247390749},"size":4.363790512084961,"orthographic":false}