{"cameraMode":{"drawMode":0,"name":"Shaded","section":"Shading Mode"},"sceneLighting":false,"audioPlay":false,"sceneViewState":{"showFog":true,"showMaterialUpdate":false,"showSkybox":false,"showFlares":true,"showImageEffects":true,"showParticleSystems":true},"in2DMode":false,"pivot":{"x":12.371793746948243,"y":39.600563049316409,"z":26.296905517578126},"rotation":{"x":-0.20885667204856873,"y":-0.0983823761343956,"z":0.021219957619905473,"w":-0.9727845788002014},"size":63.51614761352539,"orthographic":false}