{"cameraMode":{"drawMode":0,"name":"Shaded","section":"Shading Mode"},"sceneLighting":false,"audioPlay":false,"sceneViewState":{"showFog":true,"showMaterialUpdate":false,"showSkybox":false,"showFlares":true,"showImageEffects":true,"showParticleSystems":true},"in2DMode":false,"pivot":{"x":-18.20665740966797,"y":-1.7774429321289063,"z":16.286876678466798},"rotation":{"x":-0.2561861574649811,"y":0.6943342089653015,"z":-0.29391205310821535,"w":-0.604943573474884},"size":62.49444580078125,"orthographic":false}