{"cameraMode":{"drawMode":0,"name":"Shaded","section":"Shading Mode"},"sceneLighting":false,"audioPlay":false,"sceneViewState":{"showFog":true,"showMaterialUpdate":false,"showSkybox":false,"showFlares":true,"showImageEffects":true,"showParticleSystems":true},"in2DMode":false,"pivot":{"x":-7.005704402923584,"y":0.7844501733779907,"z":-10.910587310791016},"rotation":{"x":-0.042085692286491397,"y":0.7706953287124634,"z":-0.05117950215935707,"w":-0.6337533593177795},"size":4.792938709259033,"orthographic":false}